Sub;drift;Ball_speed;Age;Age_centered;Sex;Migraine;OBE;CDS;logCDS;Anxiey;Depression;HADS;LogHADS;video_game_habit;EQ;cognitiveempathy;emotionalreactivity;socialskill;logEQ;R2;slope;pval
C1;0,1070566;slow;69;22,95;-0,5;-0,5;-0,5;0;0;4;3;7;0,903089987;1;51;7;15;6;1,716003344;0,9616;0,4984;0,0006
C2;-0,415478;slow;64;17,95;0,5;-0,5;-0,5;19;1,301029996;8;2;10;1,041392685;1;40;15;13;7;1,612783857;0,3535;-0,2919;0,0216
C3;0,308294;slow;55;8,95;0,5;-0,5;-0,5;35;1,556302501;9;7;16;1,230448921;1;66;8;11;3;1,826074803;0,4375;-0,4106;0,3772
C4;1,1593308;slow;45;-1,05;0,5;-0,5;-0,5;11;1,079181246;5;1;6;0,84509804;2;60;9;7;6;1,785329835;0,06675;0,08526;0,6211
C5;1,232586889;slow;57;10,95;0,5;-0,5;-0,5;6;0,84509804;5;3;8;0,954242509;0;46;21;15;11;1,672097858;0,8568;0,809;0,0081
C6;2,811278;slow;33;-13,05;0,5;-0,5;-0,5;101;2,008600172;13;9;22;1,361727836;6;19;7;10;2;1,301029996;0,6056;0,439;0,0684
C7;0,073653;slow;53;6,95;0,5;0,5;-0,5;6;0,84509804;7;5;12;1,113943352;2;68;7;14;9;1,838849091;0,4755;0,05891;0,7533
C8;-0,3351482;slow;52;5,95;-0,5;-0,5;-0,5;3;0,602059991;1;4;5;0,77815125;3;51;13;11;5;1,716003344;0,7591;0,593;0,0238
C9;0,1944576;slow;46;-0,05;0,5;-0,5;-0,5;10;1,041392685;6;6;12;1,113943352;2;43;23;21;10;1,643452676;0,6936;0,7893;0,0396
C10;-0,613971;slow;67;20,95;-0,5;-0,5;0,5;8;0,954242509;4;1;5;0,77815125;0;30;7;18;10;1,491361694;0,9449;0,4969;0,0012
C11;0,090088;slow;67;20,95;0,5;-0,5;-0,5;4;0,698970004;8;5;13;1,146128036;0;62;11;16;7;1,799340549;0,5577;0,2902;0,04356
C12;0,319908;slow;52;5,95;0,5;-0,5;-0,5;2;0,477121255;7;2;9;1;8;59;NaN;NaN;NaN;1,77815125;0,006385;0,02805;0,8804
C13;0,054954;slow;42;-4,05;0,5;-0,5;0,5;39;1,602059991;9;5;14;1,176091259;11;30;22;23;11;1,491361694;0,3088;0,2437;0,2522
C14;0,6200523;slow;62;15,95;-0,5;-0,5;-0,5;24;1,397940009;5;6;11;1,079181246;2;36;23;7;5;1,568201724;0,8381;1,632;0,0104
C15;1,7832;slow;67;20,95;-0,5;-0,5;-0,5;10;1,041392685;7;5;12;1,113943352;0;56;11;12;8;1,755874856;0,9095;1,53;0,0021
C16;0,0499162;slow;68;21,95;-0,5;-0,5;0,5;33;1,531478917;5;5;10;1,041392685;1;50;5;8;6;1,707570176;0,5568;0,295;0,0885
C18;0,40008;slow;75;28,95;-0,5;-0,5;-0,5;0;0;7;1;8;0,954242509;0;21;3;7;0;1,342422681;0,6748;0,4547;0,045
C19;1,2400769;slow;65;18,95;-0,5;-0,5;-0,5;17;1,255272505;8;6;14;1,176091259;4;20;11;11;4;1,322219295;0,7294;1,005;0,0079
C20;-0,9549018;slow;67;20,95;-0,5;0,5;-0,5;9;1;4;0;4;0,698970004;3;35;11;17;5;1,556302501;0,546;0,6877;0,0933
C21;0,3549764;slow;64;17,95;0,5;-0,5;-0,5;8;0,954242509;8;1;9;1;1;49;4;1;5;1,698970004;0,1186;-0,08167;0,5038
C23;-0,315034;slow;40;-6,05;0,5;-0,5;-0,5;19;1,301029996;4;3;7;0,903089987;0;47;6;6;9;1,681241237;0,5728;0,0417;0,001
C24;-0,4300133;slow;73;26,95;-0,5;-0,5;-0,5;37;1,579783597;7;6;13;1,146128036;6;31;2;9;2;1,505149978;0,574;0,236;0,0809
C25;-0,075004;slow;79;32,95;-0,5;-0,5;-0,5;17;1,255272505;2;2;4;0,698970004;0;41;14;15;9;1,62324929;0,614;0,578;0,0652
C26;0,124935;slow;69;22,95;0,5;-0,5;-0,5;37;1,579783597;4;3;7;0,903089987;1;53;6;8;4;1,73239376;0,853;0,304;0,0085
C27;1,8149428;slow;46;-0,05;0,5;-0,5;-0,5;21;1,342422681;12;3;15;1,204119983;14;57;10;10;8;1,763427994;0,953;0,433;0,0008
C33;0,221098;slow;70;23,95;0,5;-0,5;-0,5;0;0;8;4;12;1,113943352;0;43;17;14;5;1,643452676;0,925;0,522;0,0022
C35;0,3149913;slow;40;-6,05;-0,5;-0,5;-0,5;12;1,113943352;0;2;2;0,477121255;13;49;10;19;5;1,698970004;0,855;0,865;0,0083
C36;0,006648;slow;71;24,95;0,5;-0,5;-0,5;18;1,278753601;13;6;19;1,301029996;1;35;8;16;5;1,556302501;0,869;0,293;0,0068
C37;1,2733739;slow;49;2,95;-0,5;-0,5;-0,5;47;1,681241237;9;7;16;1,230448921;4;32;7;14;5;1,51851394;0,451;0,658;0,0254
C38;1,2666811;slow;41;-5,05;-0,5;-0,5;-0,5;3;0,602059991;7;6;13;1,146128036;3;59;4;5;7;1,77815125;0,592;0,528;0,0736
C39;-0,2546166;slow;77;30,95;-0,5;-0,5;-0,5;4;0,698970004;6;1;7;0,903089987;0;29;7;14;5;1,477121255;0,8724;0,5748;0,0064
VS1;1,3220315;slow;22;-24,05;-0,5;0,5;0,5;31;1,505149978;5;2;7;0,903089987;11;62;21;18;7;1,799340549;0,7477;0,8351;0,0262
VS2;3,1479963;slow;23;-23,05;-0,5;-0,5;0,5;53;1,73239376;4;2;6;0,84509804;12;61;8;6;7;1,792391689;0,9753;0,4654;0,0002
VS3;0,6299616;slow;23;-23,05;0,5;-0,5;-0,5;41;1,62324929;13;3;16;1,230448921;2;68;11;8;8;1,838849091;0,7908;0,929;0,0177
VS4;0,3099796;slow;28;-18,05;-0,5;-0,5;-0,5;15;1,204119983;5;4;9;1;11;59;4;3;4;1,77815125;0,9068;0,8055;0,0034
VS5;2,44997416;slow;26;-20,05;-0,5;0,5;0,5;67;1,832508913;8;7;15;1,204119983;14;69;16;24;11;1,84509804;0,1138;0,3365;0,5131
VS6;0,0372839;slow;37;-9,05;-0,5;-0,5;-0,5;32;1,51851394;9;10;19;1,301029996;3;47;10;8;5;1,681241237;0,7703;0,3175;0,0215
VS7;1,9199426;slow;23;-23,05;0,5;-0,5;-0,5;54;1,740362689;7;6;13;1,146128036;4;60;8;7;6;1,785329835;0,8835;0,8984;0,0053
VS8;1,3199459;slow;22;-24,05;0,5;-0,5;-0,5;48;1,69019608;16;2;18;1,278753601;10;43;14;18;8;1,643452676;0,8098;1,156;0,0145
VS9;1,9270315;slow;21;-25,05;0,5;-0,5;-0,5;36;1,568201724;7;7;14;1,176091259;13;30;11;7;6;1,491361694;0,3718;0,2863;0,1987
VS10;1,3001281;slow;42;-4,05;-0,5;-0,5;-0,5;39;1,602059991;7;4;11;1,079181246;8;53;9;10;9;1,73239376;0,5651;0,7419;0,0848
VS11;1,5799415;slow;20;-26,05;0,5;-0,5;0,5;69;1,84509804;9;4;13;1,146128036;9;60;15;14;10;1,785329835;0,5845;0,5113;0,0766
VS12;0,930019;slow;55;8,95;0,5;0,5;-0,5;23;1,380211242;7;6;13;1,146128036;6;45;11;14;8;1,662757832;0,4178;0,00178;0,09368
VS13;1,9630183;slow;23;-23,05;0,5;0,5;-0,5;49;1,698970004;8;6;14;1,176091259;7;51;12;11;9;1,716003344;0,47;1,384;0,1328
VS14;0,124958;slow;57;10,95;0,5;-0,5;-0,5;21;1,342422681;11;6;17;1,255272505;2;46;14;11;8;1,672097858;0,101;0,3493;0,5393
VS15;2,3262334;slow;19;-27,05;-0,5;0,5;-0,5;82;1,919078092;7;3;10;1,041392685;8;38;19;17;7;1,591064607;0,961;0,2665;0,0006
VS16;3,921381;slow;23;-23,05;-0,5;-0,5;-0,5;70;1,851258349;9;7;16;1,230448921;14;32;23;22;9;1,51851394;0,5167;0,9614;0,0075
VS17;1,8919322;slow;24;-22,05;-0,5;-0,5;-0,5;19;1,301029996;6;5;11;1,079181246;12;43;13;10;12;1,643452676;0,7496;0,324;0,0258
VS19;0,4999587;slow;19;-27,05;0,5;-0,5;0,5;59;1,77815125;12;7;19;1,301029996;4;44;23;12;5;1,653212514;0,9113;0,3476;0,003
VS20;2,547955;slow;22;-24,05;0,5;-0,5;-0,5;58;1,770852012;8;1;9;1;6;43;18;19;9;1,643452676;0,961;0,9514;0,0006
VS21;1,2324977;slow;32;-14,05;-0,5;-0,5;-0,5;7;0,903089987;8;3;11;1,079181246;10;44;17;9;9;1,653212514;0,928;0,943;0,002
VS22;-0,9150328;slow;54;7,95;-0,5;-0,5;-0,5;22;1,361727836;9;5;14;1,176091259;2;28;14;18;8;1,462397998;0,92;1,14;0,0025
VS23;0,8349974;slow;23;-23,05;-0,5;-0,5;-0,5;15;1,204119983;4;1;5;0,77815125;8;34;14;18;6;1,544068044;0,8938;0,8295;0,0044
VS24;2,8008803;slow;19;-27,05;-0,5;-0,5;0,5;102;2,012837225;12;11;23;1,380211242;14;39;21;16;8;1,602059991;0,7256;0,7694;0,0313
VS25;3,118009;slow;21;-25,05;0,5;-0,5;-0,5;0;0;2;3;5;0,77815125;6;43;24;18;8;1,643452676;0,898;1,65;0,004
VS26;2,8300591;slow;20;-26,05;0,5;-0,5;-0,5;25;1,414973348;13;2;15;1,204119983;15;52;23;13;10;1,72427587;0,9744;0,4271;0,0002
VS27;0,039977;slow;55;8,95;-0,5;-0,5;-0,5;11;1,079181246;6;3;9;1;8;37;6;14;9;1,579783597;0,5568;0,295;0,0885
VS28;0,995111;slow;21;-25,05;0,5;-0,5;-0,5;74;1,875061263;7;3;10;1,041392685;4;47;13;21;8;1,681241237;0,981;0,42;0,0001
VS29;0,200037;slow;31;-15,05;0,5;-0,5;-0,5;13;1,146128036;4;2;6;0,84509804;6;48;12;10;8;1,69019608;0,061;0,722;0,2073
VS30;-0,4099791;slow;64;17,95;-0,5;-0,5;0,5;2;0,477121255;3;0;3;0,602059991;3;39;13;14;8;1,602059991;0,4962;0,2962;0,0023
VS31;3,7E-05;slow;56;9,95;0,5;-0,5;-0,5;9;1;4;1;5;0,77815125;1;47;12;20;10;1,681241237;0,3145;0,0395;0,8202
VS32;-0,8117154;slow;56;9,95;-0,5;-0,5;-0,5;12;1,113943352;7;5;12;1,113943352;13;46;11;15;9;1,672097858;0,592;0,29;0,0737
VS33;0,214917;slow;31;-15,05;0,5;-0,5;-0,5;51;1,716003344;16;6;22;1,361727836;11;63;6;12;6;1,806179974;0,917;0,863;0,0027
VS34;-0,255038;slow;64;17,95;0,5;-0,5;-0,5;4;0,698970004;9;6;15;1,204119983;0;73;25;13;12;1,86923172;0,0002458;0,004693;0,9765
VS35;0,8950656;slow;52;5,95;-0,5;-0,5;-0,5;60;1,785329835;15;9;24;1,397940009;6;47;1;5;1;1,681241237;0,9463;0,9406;0,0011
VS36;0,225025;slow;45;-1,05;0,5;0,5;0,5;63;1,806179974;6;10;16;1,230448921;3;43;4;5;4;1,643452676;0,8979;0,5786;0,004
VS37;0,98025443;slow;26;-20,05;-0,5;0,5;-0,5;38;1,591064607;7;2;9;1;12;63;5;8;11;1,806179974;0,958;1,59;0,0007
VS38;-0,084968;slow;36;-10,05;-0,5;-0,5;-0,5;19;1,301029996;8;7;15;1,204119983;7;54;12;14;6;1,740362689;0,02885;0,03561;0,7477
VS39;0,7150077;slow;23;-23,05;-0,5;-0,5;-0,5;45;1,662757832;8;1;9;1;8;58;9;13;8;1,770852012;0,8633;1,111;0,0074
VS40;0,723049762;slow;45;-1,05;-0,5;-0,5;-0,5;35;1,556302501;10;3;13;1,146128036;4;54;4;11;6;1,740362689;0,789;1,14;0,0181
VS41;-1,0241369;slow;37;-9,05;-0,5;-0,5;-0,5;9;1;5;1;6;0,84509804;6;56;18;20;8;1,755874856;0,7887;1,11;0,004
VS42;-0,3998499;slow;34;-12,05;0,5;-0,5;-0,5;59;1,77815125;10;9;19;1,301029996;6;58;8;5;11;1,770852012;0,7296;0,5706;0,0304
VS43;0,064868;slow;31;-15,05;0,5;-0,5;-0,5;43;1,643452676;6;2;8;0,954242509;13;59;17;17;8;1,77815125;0,773;0,291;0,0209
VS44;-0,08003;slow;70;23,95;-0,5;-0,5;-0,5;8;0,954242509;2;0;2;0,477121255;3;50;6;14;9;1,707570176;0,000361;-0,00433;0,9715
VS45;-1,08704483;slow;70;23,95;0,5;0,5;-0,5;11;1,079181246;9;1;10;1,041392685;3;66;13;21;8;1,826074803;0,955;1,3;0,0008
VS46;-0,00135;slow;66;19,95;0,5;-0,5;-0,5;23;1,380211242;0;0;0;0;3;42;12;10;8;1,633468456;0,882;0,454;0,0054
VS47;0,4227266;slow;57;10,95;0,5;-0,5;-0,5;27;1,447158031;7;1;8;0,954242509;4;47;13;14;8;1,681241237;0,389;-0,0411;0,0965
VS48;-0,1951031;slow;41;-5,05;-0,5;-0,5;-0,5;11;1,079181246;8;3;11;1,079181246;9;57;12;20;10;1,763427994;0,928;0,382;0,002
VS49;0,66996733;slow;53;6,95;0,5;-0,5;-0,5;2;0,477121255;0;0;0;0;1;50;11;15;9;1,707570176;0,947;0,862;0,0011
VS50;0,28300229;slow;34;-12,05;0,5;0,5;-0,5;34;1,544068044;8;7;15;1,204119983;12;44;6;12;6;1,653212514;0,861;0,706;0,0076
VS51;0,0950044;slow;58;11,95;-0,5;-0,5;-0,5;15;1,204119983;1;4;5;0,77815125;8;65;25;13;12;1,819543936;0,769;0,546;0,0218
VS52;0,160818;slow;38;-8,05;-0,5;-0,5;-0,5;20;1,322219295;10;1;11;1,079181246;15;19;1;5;1;1,301029996;0,846;1,08;0,0094
VS53;0,905096;slow;34;-12,05;0,5;-0,5;-0,5;26;1,431363764;4;2;6;0,84509804;10;30;4;5;4;1,491361694;0,983;0,924;0,0001
VS54;0,7249923;slow;52;5,95;-0,5;-0,5;0,5;26;1,431363764;7;7;14;1,176091259;0;11;5;8;11;1,079181246;0,5826;0,7974;0,0166
VS55;-0,064951;slow;44;-2,05;-0,5;-0,5;-0,5;10;1,041392685;7;1;8;0,954242509;9;48;12;14;6;1,69019608;0,1742;-0,185;0,6015
VS56;-0,274916;slow;64;17,95;0,5;-0,5;-0,5;17;1,255272505;7;1;8;0,954242509;2;39;9;13;8;1,602059991;0,978;2,19;0,0002
VS57;0,8450186;slow;59;12,95;0,5;-0,5;-0,5;55;1,748188027;12;11;23;1,380211242;0;39;4;11;6;1,602059991;0,7931;0,6141;0,0173
VS58;0,90997645;slow;54;7,95;0,5;0,5;-0,5;85;1,934498451;3;1;4;0,698970004;6;64;18;20;8;1,812913357;0,955;1,3;0,0008
VS59;-0,2399519;slow;82;35,95;0,5;-0,5;-0,5;0;0;3;2;5;0,77815125;0;40;8;5;11;1,612783857;0,91;2,59;0,0039
VS60;0,214989;slow;56;9,95;0,5;0,5;0,5;40;1,612783857;9;8;17;1,255272505;5;56;17;17;8;1,755874856;0,8884;0,2692;0,0049
VS61;-0,1899726;slow;29;-17,05;-0,5;-0,5;-0,5;2;0,477121255;5;2;7;0,903089987;9;52;9;14;6;1,72427587;0,7688;0,5248;0,0218
VS62;0,115151;slow;72;25,95;0,5;-0,5;-0,5;62;1,799340549;8;3;11;1,079181246;2;46;12;10;1;1,672097858;0,56;0,217;0,02076
VS63;1,0551103;slow;64;17,95;0,5;-0,5;-0,5;26;1,431363764;15;1;16;1,230448921;5;48;13;11;5;1,69019608;0,179;0,332;0,3777
VS64;0,549903;slow;71;24,95;-0,5;-0,5;-0,5;37;1,579783597;10;6;16;1,230448921;1;48;14;12;7;1,69019608;0,305;0,0743;0,7368
VS65;0,8898976;slow;38;-8,05;0,5;-0,5;-0,5;17;1,255272505;12;3;15;1,204119983;1;55;14;14;8;1,748188027;0,762;1,08;0,0276
VS66;-0,49998;slow;73;26,95;0,5;-0,5;-0,5;16;1,230448921;10;2;12;1,113943352;1;31;10;7;5;1,505149978;0,742;0,613;0,0276
VS67;0,2049026;slow;36;-10,05;-0,5;-0,5;-0,5;20;1,322219295;9;6;15;1,204119983;18;33;12;6;6;1,531478917;0,971;0,88;0,0003
VS68;0,5700221;slow;31;-15,05;-0,5;-0,5;-0,5;23;1,380211242;7;2;9;1;10;23;0;6;1;1,380211242;0,907;0,488;0,0034
VS69;-0,119898;slow;63;16,95;-0,5;-0,5;-0,5;4;0,698970004;6;1;7;0,903089987;11;48;12;10;6;1,69019608;0,8236;0,8741;0,0124
VS70;0,930065;slow;76;29,95;-0,5;-0,5;-0,5;5;0,77815125;10;7;17;1,255272505;3;37;13;7;7;1,579783597;0,714;1,11;0,0341
VS71;0,8419471;slow;29;-17,05;0,5;-0,5;-0,5;104;2,021189299;9;5;14;1,176091259;7;27;1;6;2;1,447158031;0,6504;1,081;0,0256
VS72;-0,4450513;slow;68;21,95;0,5;-0,5;-0,5;0;0;3;0;3;0,602059991;0;55;11;19;10;1,748188027;0,905;0,718;0,0035
VS73;0,6600073;slow;35;-11,05;-0,5;-0,5;-0,5;33;1,531478917;6;4;10;1,041392685;11;57;13;15;6;1,763427994;0,549;0,653;0,09
VS74;-0,079987;slow;76;29,95;0,5;-0,5;-0,5;6;0,84509804;6;3;9;1;0;58;16;15;9;1,770852012;0,973;-0,193;0,0003
VS75;1,86827257;slow;22;-24,05;0,5;0,5;-0,5;68;1,838849091;10;6;16;1,230448921;8;64;18;20;8;1,812913357;0,959;0,631;0,0006
VS76;-1,3550454;slow;72;25,95;-0,5;-0,5;-0,5;10;1,041392685;5;4;9;1;1;50;13;15;8;1,707570176;0,936;1,18;0,0016
VS77;-6,5E-05;slow;71;24,95;-0,5;-0,5;-0,5;23;1,380211242;9;8;17;1,255272505;0;54;17;11;9;1,740362689;0,965;1,39;0,0016
VS78;6,5E-05;slow;34;-12,05;-0,5;-0,5;-0,5;4;0,698970004;5;3;8;0,954242509;6;38;9;7;8;1,591064607;0,9552;0,3351;0,0008
VS79;0,7650414;slow;79;32,95;0,5;-0,5;-0,5;0;0;11;8;19;1,301029996;1;46;17;13;6;1,672097858;0,437;-0,158;0,03276
VS80;-0,7400387;slow;78;31,95;0,5;-0,5;-0,5;26;1,431363764;11;5;16;1,230448921;0;52;18;20;5;1,72427587;0,451;0,53;0,0442
VS81;0,470001;slow;74;27,95;0,5;-0,5;0,5;4;0,698970004;4;7;11;1,079181246;0;48;11;12;7;1,69019608;0,5609;0,1967;0,02073
VS82;-0,9301112;slow;70;23,95;-0,5;-0,5;-0,5;7;0,903089987;3;0;3;0,602059991;2;50;11;13;13;1,707570176;0,833;0,707;0,0111
VS83;-0,0450544;slow;77;30,95;-0,5;-0,5;-0,5;34;1,544068044;7;6;13;1,146128036;3;19;1;5;3;1,301029996;0,913;0,00566;0,08296
VS84;1,374956093;slow;74;27,95;0,5;-0,5;-0,5;7;0,903089987;7;2;9;1;0;53;20;16;6;1,73239376;0,822;1,21;0,0126
VS85;0,110149;slow;70;23,95;-0,5;-0,5;-0,5;40;1,612783857;5;3;8;0,954242509;6;32;5;5;9;1,51851394;0,722;0,415;0,011
VS86;0,214989;slow;81;34,95;-0,5;-0,5;-0,5;20;1,322219295;11;2;13;1,146128036;2;35;9;5;7;1,556302501;0,982;1,34;0,0001
VS87;0,4771209;slow;46;-0,05;0,5;-0,5;0,5;39;1,602059991;9;3;12;1,113943352;2;61;20;19;6;1,792391689;0,7433;0,7737;0,0272
VS88;0,010063;slow;47;0,95;0,5;-0,5;-0,5;12;1,113943352;10;5;15;1,204119983;0;45;10;14;8;1,662757832;0,376;0,257;0,408
VS89;2,63004392;slow;18;-28,05;-0,5;0,5;0,5;28;1,462397998;5;2;7;0,903089987;11;64;21;22;5;1,812913357;0,8889;1,49;0,0048
VS90;-0,7599421;slow;32;-14,05;0,5;-0,5;-0,5;69;1,84509804;8;7;15;1,204119983;6;56;18;15;7;1,755874856;0,6478;0,3795;0,0534
VS91;1,129165;slow;42;-4,05;-0,5;-0,5;-0,5;8;0,954242509;8;1;9;1;5;47;9;14;5;1,681241237;0,816;1,46;0,0135
VS92;0,199994;slow;58;11,95;-0,5;-0,5;-0,5;2;0,477121255;3;0;3;0,602059991;4;56;13;18;9;1,755874856;0,861;0,49;0,0076
VS93;-0,3050407;slow;46;-0,05;-0,5;-0,5;-0,5;2;0,477121255;2;2;4;0,698970004;5;32;5;5;9;1,51851394;0,677;0,419;0,0442
VS94;0,864935;slow;44;-2,05;-0,5;0,5;-0,5;55;1,748188027;8;7;15;1,204119983;4;61;20;19;6;1,792391689;0,945;0,497;0,0012
VS96;0,6200403;slow;19;-27,05;0,5;0,5;0,5;36;1,568201724;7;2;9;1;0;67;22;19;14;1,832508913;0,7184;1,095;0,0331
VS97;0,2999001;slow;23;-23,05;0,5;-0,5;-0,5;43;1,643452676;9;3;12;1,113943352;8;65;14;20;5;1,819543936;0,822;0,415;0,0126
VS98;-0,2416201;slow;19;-27,05;0,5;-0,5;-0,5;23;1,380211242;4;1;5;0,77815125;10;47;8;13;8;1,681241237;0,5876;0,2617;0,0754
VS99;0,4950111;slow;21;-25,05;0,5;-0,5;0,5;70;1,851258349;11;4;15;1,204119983;4;70;24;22;9;1,851258349;0,9413;1,109;0,0013
VS100;-0,180031;slow;20;-26,05;0,5;0,5;-0,5;22;1,361727836;12;3;15;1,204119983;4;56;17;16;6;1,755874856;0,941;0,233;0,0013
VS101;0,165015;slow;19;-27,05;0,5;-0,5;-0,5;143;2,158362492;10;2;12;1,113943352;6;40;9;12;4;1,612783857;0,7568;0,809;0,0081
VS102;0,2000933;slow;19;-27,05;-0,5;-0,5;-0,5;36;1,568201724;12;9;21;1,342422681;14;47;10;15;4;1,681241237;0,9595;0,9972;0,0006
VS103;1,0674378;slow;22;-24,05;0,5;-0,5;-0,5;31;1,505149978;13;8;21;1,342422681;4;68;23;20;5;1,838849091;0,5826;0,7974;0,0166
VS104;-0,010021;slow;23;-23,05;0,5;-0,5;-0,5;18;1,278753601;6;2;8;0,954242509;3;68;21;24;5;1,838849091;0,742;1,08;0,0276
VS105;1,189941;slow;19;-27,05;-0,5;-0,5;0,5;84;1,929418926;12;7;19;1,301029996;6;40;18;8;4;1,612783857;0,9851;0,9932;0,0001
VS106;3,011278;slow;22;-24,05;-0,5;-0,5;0,5;71;1,857332496;7;5;12;1,113943352;7;54;20;16;8;1,740362689;0,6677;1,051;0,0471
VS107;0,3999344;slow;27;-19,05;0,5;-0,5;0,5;72;1,86332286;6;12;18;1,278753601;1;48;10;12;5;1,69019608;0,9318;0,4946;0,0018
VS108;0,0341429;slow;23;-23,05;0,5;-0,5;-0,5;24;1,397940009;7;4;11;1,079181246;6;52;11;18;5;1,72427587;0,617;0,169;0,064
VS109;0,149887;slow;19;-27,05;0,5;-0,5;-0,5;25;1,414973348;8;3;11;1,079181246;7;65;21;22;8;1,819543936;0,9744;0,4271;0,0002
VS110;0,8550374;slow;25;-21,05;-0,5;-0,5;0,5;13;1,146128036;5;2;7;0,903089987;16;44;10;8;7;1,653212514;0,8895;0,5306;0,0048
C1;0,7705101;fast;69;22,95;-0,5;-0,5;-0,5;0;0;4;3;7;0,903089987;1;51;7;15;6;1,716003344;0,9616;0,4984;0,0006
C2;0,4800915;fast;64;17,95;0,5;-0,5;-0,5;19;1,301029996;8;2;10;1,041392685;1;40;15;13;7;1,612783857;0,3535;-0,2919;0,0216
C3;0,0226523;fast;55;8,95;0,5;-0,5;-0,5;35;1,556302501;9;7;16;1,230448921;1;66;8;11;3;1,826074803;0,4375;-0,4106;0,3772
C4;0,1338014;fast;45;-1,05;0,5;-0,5;-0,5;11;1,079181246;5;1;6;0,84509804;2;60;9;7;6;1,785329835;0,06675;0,08526;0,6211
C5;0,6477833;fast;57;10,95;0,5;-0,5;-0,5;6;0,84509804;5;3;8;0,954242509;0;46;21;15;11;1,672097858;0,8568;0,809;0,0081
C6;1,8440913;fast;33;-13,05;0,5;-0,5;-0,5;101;2,008600172;13;9;22;1,361727836;6;19;7;10;2;1,301029996;0,6056;0,439;0,0684
C7;0,0446865;fast;53;6,95;0,5;0,5;-0,5;6;0,84509804;7;5;12;1,113943352;2;68;7;14;9;1,838849091;0,4755;0,05891;0,7533
C8;-0,0669302;fast;52;5,95;-0,5;-0,5;-0,5;3;0,602059991;1;4;5;0,77815125;3;51;13;11;5;1,716003344;0,7591;0,593;0,0238
C9;0,900247;fast;46;-0,05;0,5;-0,5;-0,5;10;1,041392685;6;6;12;1,113943352;2;43;23;21;10;1,643452676;0,6936;0,7893;0,0396
C10;1,567023;fast;67;20,95;-0,5;-0,5;0,5;8;0,954242509;4;1;5;0,77815125;0;30;7;18;10;1,491361694;0,9449;0,4969;0,0012
C11;-0,4248649;fast;67;20,95;0,5;-0,5;-0,5;4;0,698970004;8;5;13;1,146128036;0;62;11;16;7;1,799340549;0,5577;0,2902;0,04356
C12;-0,0168654;fast;52;5,95;0,5;-0,5;-0,5;2;0,477121255;7;2;9;1;8;59;NaN;NaN;NaN;1,77815125;0,006385;0,02805;0,8804
C13;0,84181492;fast;42;-4,05;0,5;-0,5;0,5;39;1,602059991;9;5;14;1,176091259;11;30;22;23;11;1,491361694;0,3088;0,2437;0,2522
C14;-0,225061;fast;62;15,95;-0,5;-0,5;-0,5;24;1,397940009;5;6;11;1,079181246;2;36;23;7;5;1,568201724;0,8381;1,632;0,0104
C15;-0,316705;fast;67;20,95;-0,5;-0,5;-0,5;10;1,041392685;7;5;12;1,113943352;0;56;11;12;8;1,755874856;0,9095;1,53;0,0021
C16;0,51650675;fast;68;21,95;-0,5;-0,5;0,5;33;1,531478917;5;5;10;1,041392685;1;50;5;8;6;1,707570176;0,5568;0,295;0,0885
C18;-1,4083447;fast;75;28,95;-0,5;-0,5;-0,5;0;0;7;1;8;0,954242509;0;21;3;7;0;1,342422681;0,6748;0,4547;0,045
C19;-0,4251057;fast;65;18,95;-0,5;-0,5;-0,5;17;1,255272505;8;6;14;1,176091259;4;20;11;11;4;1,322219295;0,7294;1,005;0,0079
C20;0,25839569;fast;67;20,95;-0,5;0,5;-0,5;9;1;4;0;4;0,698970004;3;35;11;17;5;1,556302501;0,546;0,6877;0,0933
C21;-0,0664643;fast;64;17,95;0,5;-0,5;-0,5;8;0,954242509;8;1;9;1;1;49;4;1;5;1,698970004;0,1186;-0,08167;0,5038
C23;-0,183362;fast;40;-6,05;0,5;-0,5;-0,5;19;1,301029996;4;3;7;0,903089987;0;47;6;6;9;1,681241237;0,5728;0,0417;0,001
C24;-0,600086;fast;73;26,95;-0,5;-0,5;-0,5;37;1,579783597;7;6;13;1,146128036;6;31;2;9;2;1,505149978;0,574;0,236;0,0809
C25;0,4666433;fast;79;32,95;-0,5;-0,5;-0,5;17;1,255272505;2;2;4;0,698970004;0;41;14;15;9;1,62324929;0,614;0,578;0,0652
C26;-0,2499325;fast;69;22,95;0,5;-0,5;-0,5;37;1,579783597;4;3;7;0,903089987;1;53;6;8;4;1,73239376;0,853;0,304;0,0085
C27;0,65848121;fast;46;-0,05;0,5;-0,5;-0,5;21;1,342422681;12;3;15;1,204119983;14;57;10;10;8;1,763427994;0,953;0,433;0,0008
C33;0,5251228;fast;70;23,95;0,5;-0,5;-0,5;0;0;8;4;12;1,113943352;0;43;17;14;5;1,643452676;0,925;0,522;0,0022
C35;1,474579;fast;40;-6,05;-0,5;-0,5;-0,5;12;1,113943352;0;2;2;0,477121255;13;49;10;19;5;1,698970004;0,855;0,865;0,0083
C36;0,0781145;fast;71;24,95;0,5;-0,5;-0,5;18;1,278753601;13;6;19;1,301029996;1;35;8;16;5;1,556302501;0,869;0,293;0,0068
C37;-0,3239853;fast;49;2,95;-0,5;-0,5;-0,5;47;1,681241237;9;7;16;1,230448921;4;32;7;14;5;1,51851394;0,451;0,658;0,0254
C38;0,145198;fast;41;-5,05;-0,5;-0,5;-0,5;3;0,602059991;7;6;13;1,146128036;3;59;4;5;7;1,77815125;0,592;0,528;0,0736
C39;-0,4354986;fast;77;30,95;-0,5;-0,5;-0,5;4;0,698970004;6;1;7;0,903089987;0;29;7;14;5;1,477121255;0,8724;0,5748;0,0064
VS1;3,446324;fast;22;-24,05;-0,5;0,5;0,5;31;1,505149978;5;2;7;0,903089987;11;62;21;18;7;1,799340549;0,7477;0,8351;0,0262
VS2;1,27506359;fast;23;-23,05;-0,5;-0,5;0,5;53;1,73239376;4;2;6;0,84509804;12;61;8;6;7;1,792391689;0,9753;0,4654;0,0002
VS3;0,8416116;fast;23;-23,05;0,5;-0,5;-0,5;41;1,62324929;13;3;16;1,230448921;2;68;11;8;8;1,838849091;0,7908;0,929;0,0177
VS4;1,08798365;fast;28;-18,05;-0,5;-0,5;-0,5;15;1,204119983;5;4;9;1;11;59;4;3;4;1,77815125;0,9068;0,8055;0,0034
VS5;2,19746486;fast;26;-20,05;-0,5;0,5;0,5;67;1,832508913;8;7;15;1,204119983;14;69;16;24;11;1,84509804;0,1138;0,3365;0,5131
VS6;0,049892206;fast;37;-9,05;-0,5;-0,5;-0,5;32;1,51851394;9;10;19;1,301029996;3;47;10;8;5;1,681241237;0,7703;0,3175;0,0215
VS7;1,7333555;fast;23;-23,05;0,5;-0,5;-0,5;54;1,740362689;7;6;13;1,146128036;4;60;8;7;6;1,785329835;0,8835;0,8984;0,0053
VS8;1,4297074;fast;22;-24,05;0,5;-0,5;-0,5;48;1,69019608;16;2;18;1,278753601;10;43;14;18;8;1,643452676;0,8098;1,156;0,0145
VS9;0,6748128;fast;21;-25,05;0,5;-0,5;-0,5;36;1,568201724;7;7;14;1,176091259;13;30;11;7;6;1,491361694;0,3718;0,2863;0,1987
VS10;-0,425047;fast;42;-4,05;-0,5;-0,5;-0,5;39;1,602059991;7;4;11;1,079181246;8;53;9;10;9;1,73239376;0,5651;0,7419;0,0848
VS11;0,49639417;fast;20;-26,05;0,5;-0,5;0,5;69;1,84509804;9;4;13;1,146128036;9;60;15;14;10;1,785329835;0,5845;0,5113;0,0766
VS12;0,433371;fast;55;8,95;0,5;0,5;-0,5;23;1,380211242;7;6;13;1,146128036;6;45;11;14;8;1,662757832;0,4178;0,00178;0,09368
VS13;5,657357;fast;23;-23,05;0,5;0,5;-0,5;49;1,698970004;8;6;14;1,176091259;7;51;12;11;9;1,716003344;0,47;1,384;0,1328
VS14;-0,4583875;fast;57;10,95;0,5;-0,5;-0,5;21;1,342422681;11;6;17;1,255272505;2;46;14;11;8;1,672097858;0,101;0,3493;0,5393
VS15;0,683292;fast;19;-27,05;-0,5;0,5;-0,5;82;1,919078092;7;3;10;1,041392685;8;38;19;17;7;1,591064607;0,961;0,2665;0,0006
VS16;3,346142;fast;23;-23,05;-0,5;-0,5;-0,5;70;1,851258349;9;7;16;1,230448921;14;32;23;22;9;1,51851394;0,5167;0,9614;0,0075
VS17;1,28334196;fast;24;-22,05;-0,5;-0,5;-0,5;19;1,301029996;6;5;11;1,079181246;12;43;13;10;12;1,643452676;0,7496;0,324;0,0258
VS19;0,916746;fast;19;-27,05;0,5;-0,5;0,5;59;1,77815125;12;7;19;1,301029996;4;44;23;12;5;1,653212514;0,9113;0,3476;0,003
VS20;1,70718;fast;22;-24,05;0,5;-0,5;-0,5;58;1,770852012;8;1;9;1;6;43;18;19;9;1,643452676;0,961;0,9514;0,0006
VS21;0,45833;fast;32;-14,05;-0,5;-0,5;-0,5;7;0,903089987;8;3;11;1,079181246;10;44;17;9;9;1,653212514;0,928;0,943;0,002
VS22;-0,7082805;fast;54;7,95;-0,5;-0,5;-0,5;22;1,361727836;9;5;14;1,176091259;2;28;14;18;8;1,462397998;0,92;1,14;0,0025
VS23;0,741527;fast;23;-23,05;-0,5;-0,5;-0,5;15;1,204119983;4;1;5;0,77815125;8;34;14;18;6;1,544068044;0,8938;0,8295;0,0044
VS24;0,9202883;fast;19;-27,05;-0,5;-0,5;0,5;102;2,012837225;12;11;23;1,380211242;14;39;21;16;8;1,602059991;0,7256;0,7694;0,0313
VS25;2,8546587;fast;21;-25,05;0,5;-0,5;-0,5;0;0;2;3;5;0,77815125;6;43;24;18;8;1,643452676;0,898;1,65;0,004
VS26;1,2699894;fast;20;-26,05;0,5;-0,5;-0,5;25;1,414973348;13;2;15;1,204119983;15;52;23;13;10;1,72427587;0,9744;0,4271;0,0002
VS27;-0,1499402;fast;55;8,95;-0,5;-0,5;-0,5;11;1,079181246;6;3;9;1;8;37;6;14;9;1,579783597;0,5568;0,295;0,0885
VS28;-0,1083281;fast;21;-25,05;0,5;-0,5;-0,5;74;1,875061263;7;3;10;1,041392685;4;47;13;21;8;1,681241237;0,981;0,42;0,0001
VS29;0,8666593;fast;31;-15,05;0,5;-0,5;-0,5;13;1,146128036;4;2;6;0,84509804;6;48;12;10;8;1,69019608;0,061;0,722;0,2073
VS30;-0,55010993;fast;64;17,95;-0,5;-0,5;0,5;2;0,477121255;3;0;3;0,602059991;3;39;13;14;8;1,602059991;0,4962;0,2962;0,0023
VS31;-0,7666593;fast;56;9,95;0,5;-0,5;-0,5;9;1;4;1;5;0,77815125;1;47;12;20;10;1,681241237;0,3145;0,0395;0,8202
VS32;0,8116371;fast;56;9,95;-0,5;-0,5;-0,5;12;1,113943352;7;5;12;1,113943352;13;46;11;15;9;1,672097858;0,592;0,29;0,0737
VS33;0,2833118;fast;31;-15,05;0,5;-0,5;-0,5;51;1,716003344;16;6;22;1,361727836;11;63;6;12;6;1,806179974;0,917;0,863;0,0027
VS34;0,1833773;fast;64;17,95;0,5;-0,5;-0,5;4;0,698970004;9;6;15;1,204119983;0;73;25;13;12;1,86923172;0,0002458;0,004693;0,9765
VS35;-1,1500027;fast;52;5,95;-0,5;-0,5;-0,5;60;1,785329835;15;9;24;1,397940009;6;47;1;5;1;1,681241237;0,9463;0,9406;0,0011
VS36;0,5500899;fast;45;-1,05;0,5;0,5;0,5;63;1,806179974;6;10;16;1,230448921;3;43;4;5;4;1,643452676;0,8979;0,5786;0,004
VS37;-0,3248596;fast;26;-20,05;-0,5;0,5;-0,5;38;1,591064607;7;2;9;1;12;63;5;8;11;1,806179974;0,958;1,59;0,0007
VS38;0,6499398;fast;36;-10,05;-0,5;-0,5;-0,5;19;1,301029996;8;7;15;1,204119983;7;54;12;14;6;1,740362689;0,02885;0,03561;0,7477
VS39;-0,083274;fast;23;-23,05;-0,5;-0,5;-0,5;45;1,662757832;8;1;9;1;8;58;9;13;8;1,770852012;0,8633;1,111;0,0074
VS40;7,2E-05;fast;45;-1,05;-0,5;-0,5;-0,5;35;1,556302501;10;3;13;1,146128036;4;54;4;11;6;1,740362689;0,789;1,14;0,0181
VS41;1,0168171;fast;37;-9,05;-0,5;-0,5;-0,5;9;1;5;1;6;0,84509804;6;56;18;20;8;1,755874856;0,7887;1,11;0,004
VS42;0,8798272;fast;34;-12,05;0,5;-0,5;-0,5;59;1,77815125;10;9;19;1,301029996;6;58;8;5;11;1,770852012;0,7296;0,5706;0,0304
VS43;-0,1086376;fast;31;-15,05;0,5;-0,5;-0,5;43;1,643452676;6;2;8;0,954242509;13;59;17;17;8;1,77815125;0,773;0,291;0,0209
VS44;-0,4833803;fast;70;23,95;-0,5;-0,5;-0,5;8;0,954242509;2;0;2;0,477121255;3;50;6;14;9;1,707570176;0,000361;-0,00433;0,9715
VS45;-0,79161642;fast;70;23,95;0,5;0,5;-0,5;11;1,079181246;9;1;10;1,041392685;3;66;13;21;8;1,826074803;0,955;1,3;0,0008
VS46;-0,1692326;fast;66;19,95;0,5;-0,5;-0,5;23;1,380211242;0;0;0;0;3;42;12;10;8;1,633468456;0,882;0,454;0,0054
VS47;0,4916826;fast;57;10,95;0,5;-0,5;-0,5;27;1,447158031;7;1;8;0,954242509;4;47;13;14;8;1,681241237;0,389;-0,0411;0,0965
VS48;0,19172033;fast;41;-5,05;-0,5;-0,5;-0,5;11;1,079181246;8;3;11;1,079181246;9;57;12;20;10;1,763427994;0,928;0,382;0,002
VS49;-0,3416528;fast;53;6,95;0,5;-0,5;-0,5;2;0,477121255;0;0;0;0;1;50;11;15;9;1,707570176;0,947;0,862;0,0011
VS50;1,0250002;fast;34;-12,05;0,5;0,5;-0,5;34;1,544068044;8;7;15;1,204119983;12;44;6;12;6;1,653212514;0,861;0,706;0,0076
VS51;-0,40674333;fast;58;11,95;-0,5;-0,5;-0,5;15;1,204119983;1;4;5;0,77815125;8;65;25;13;12;1,819543936;0,769;0,546;0,0218
VS52;-0,2250018;fast;38;-8,05;-0,5;-0,5;-0,5;20;1,322219295;10;1;11;1,079181246;15;19;1;5;1;1,301029996;0,846;1,08;0,0094
VS53;-0,1833387;fast;34;-12,05;0,5;-0,5;-0,5;26;1,431363764;4;2;6;0,84509804;10;30;4;5;4;1,491361694;0,983;0,924;0,0001
VS54;1,4665898;fast;52;5,95;-0,5;-0,5;0,5;26;1,431363764;7;7;14;1,176091259;0;11;5;8;11;1,079181246;0,5826;0,7974;0,0166
VS55;-0,246594;fast;44;-2,05;-0,5;-0,5;-0,5;10;1,041392685;7;1;8;0,954242509;9;48;12;14;6;1,69019608;0,1742;-0,185;0,6015
VS56;0,7415965;fast;64;17,95;0,5;-0,5;-0,5;17;1,255272505;7;1;8;0,954242509;2;39;9;13;8;1,602059991;0,978;2,19;0,0002
VS57;0,4084388;fast;59;12,95;0,5;-0,5;-0,5;55;1,748188027;12;11;23;1,380211242;0;39;4;11;6;1,602059991;0,7931;0,6141;0,0173
VS58;-0,0583552;fast;54;7,95;0,5;0,5;-0,5;85;1,934498451;3;1;4;0,698970004;6;64;18;20;8;1,812913357;0,955;1,3;0,0008
VS59;-0,48483724;fast;82;35,95;0,5;-0,5;-0,5;0;0;3;2;5;0,77815125;0;40;8;5;11;1,612783857;0,91;2,59;0,0039
VS60;0,4749632;fast;56;9,95;0,5;0,5;0,5;40;1,612783857;9;8;17;1,255272505;5;56;17;17;8;1,755874856;0,8884;0,2692;0,0049
VS61;0,30832768;fast;29;-17,05;-0,5;-0,5;-0,5;2;0,477121255;5;2;7;0,903089987;9;52;9;14;6;1,72427587;0,7688;0,5248;0,0218
VS62;0,100102;fast;72;25,95;0,5;-0,5;-0,5;62;1,799340549;8;3;11;1,079181246;2;46;12;10;1;1,672097858;0,56;0,217;0,02076
VS63;-0,4582382;fast;64;17,95;0,5;-0,5;-0,5;26;1,431363764;15;1;16;1,230448921;5;48;13;11;5;1,69019608;0,179;0,332;0,3777
VS64;0,91684441;fast;71;24,95;-0,5;-0,5;-0,5;37;1,579783597;10;6;16;1,230448921;1;48;14;12;7;1,69019608;0,305;0,0743;0,7368
VS65;-0,016792;fast;38;-8,05;0,5;-0,5;-0,5;17;1,255272505;12;3;15;1,204119983;1;55;14;14;8;1,748188027;0,762;1,08;0,0276
VS66;0,016579;fast;73;26,95;0,5;-0,5;-0,5;16;1,230448921;10;2;12;1,113943352;1;31;10;7;5;1,505149978;0,742;0,613;0,0276
VS67;0,337652;fast;36;-10,05;-0,5;-0,5;-0,5;20;1,322219295;9;6;15;1,204119983;18;33;12;6;6;1,531478917;0,971;0,88;0,0003
VS68;0,0915842;fast;31;-15,05;-0,5;-0,5;-0,5;23;1,380211242;7;2;9;1;10;23;0;6;1;1,380211242;0,907;0,488;0,0034
VS69;0,1501715;fast;63;16,95;-0,5;-0,5;-0,5;4;0,698970004;6;1;7;0,903089987;11;48;12;10;6;1,69019608;0,8236;0,8741;0,0124
VS70;-0,674989;fast;76;29,95;-0,5;-0,5;-0,5;5;0,77815125;10;7;17;1,255272505;3;37;13;7;7;1,579783597;0,714;1,11;0,0341
VS71;0,17859717;fast;29;-17,05;0,5;-0,5;-0,5;104;2,021189299;9;5;14;1,176091259;7;27;1;6;2;1,447158031;0,6504;1,081;0,0256
VS72;-0,250142;fast;68;21,95;0,5;-0,5;-0,5;0;0;3;0;3;0,602059991;0;55;11;19;10;1,748188027;0,905;0,718;0,0035
VS73;0,1749809;fast;35;-11,05;-0,5;-0,5;-0,5;33;1,531478917;6;4;10;1,041392685;11;57;13;15;6;1,763427994;0,549;0,653;0,09
VS74;-0,1666242;fast;76;29,95;0,5;-0,5;-0,5;6;0,84509804;6;3;9;1;0;58;16;15;9;1,770852012;0,973;-0,193;0,0003
VS75;0,079692;fast;22;-24,05;0,5;0,5;-0,5;68;1,838849091;10;6;16;1,230448921;8;64;18;20;8;1,812913357;0,959;0,631;0,0006
VS76;1,758364;fast;72;25,95;-0,5;-0,5;-0,5;10;1,041392685;5;4;9;1;1;50;13;15;8;1,707570176;0,936;1,18;0,0016
VS77;0,149912;fast;71;24,95;-0,5;-0,5;-0,5;23;1,380211242;9;8;17;1,255272505;0;54;17;11;9;1,740362689;0,965;1,39;0,0016
VS78;-0,149912;fast;34;-12,05;-0,5;-0,5;-0,5;4;0,698970004;5;3;8;0,954242509;6;38;9;7;8;1,591064607;0,9552;0,3351;0,0008
VS79;0,6166416;fast;79;32,95;0,5;-0,5;-0,5;0;0;11;8;19;1,301029996;1;46;17;13;6;1,672097858;0,437;-0,158;0,03276
VS80;-0,5665355;fast;78;31,95;0,5;-0,5;-0,5;26;1,431363764;11;5;16;1,230448921;0;52;18;20;5;1,72427587;0,451;0,53;0,0442
VS81;0,5250532;fast;74;27,95;0,5;-0,5;0,5;4;0,698970004;4;7;11;1,079181246;0;48;11;12;7;1,69019608;0,5609;0,1967;0,02073
VS82;-0,33334351;fast;70;23,95;-0,5;-0,5;-0,5;7;0,903089987;3;0;3;0,602059991;2;50;11;13;13;1,707570176;0,833;0,707;0,0111
VS83;0,8916231;fast;77;30,95;-0,5;-0,5;-0,5;34;1,544068044;7;6;13;1,146128036;3;19;1;5;3;1,301029996;0,913;0,00566;0,08296
VS84;0,2167705;fast;74;27,95;0,5;-0,5;-0,5;7;0,903089987;7;2;9;1;0;53;20;16;6;1,73239376;0,822;1,21;0,0126
VS85;-0,099997;fast;70;23,95;-0,5;-0,5;-0,5;40;1,612783857;5;3;8;0,954242509;6;32;5;5;9;1,51851394;0,722;0,415;0,011
VS86;-0,24169628;fast;81;34,95;-0,5;-0,5;-0,5;20;1,322219295;11;2;13;1,146128036;2;35;9;5;7;1,556302501;0,982;1,34;0,0001
VS87;0,99166;fast;46;-0,05;0,5;-0,5;0,5;39;1,602059991;9;3;12;1,113943352;2;61;20;19;6;1,792391689;0,7433;0,7737;0,0272
VS88;-0,0081558;fast;47;0,95;0,5;-0,5;-0,5;12;1,113943352;10;5;15;1,204119983;0;45;10;14;8;1,662757832;0,376;0,257;0,408
VS89;0,938171;fast;18;-28,05;-0,5;0,5;0,5;28;1,462397998;5;2;7;0,903089987;11;64;21;22;5;1,812913357;0,8889;1,49;0,0048
VS90;0,458356;fast;32;-14,05;0,5;-0,5;-0,5;69;1,84509804;8;7;15;1,204119983;6;56;18;15;7;1,755874856;0,6478;0,3795;0,0534
VS91;1,4249508;fast;42;-4,05;-0,5;-0,5;-0,5;8;0,954242509;8;1;9;1;5;47;9;14;5;1,681241237;0,816;1,46;0,0135
VS92;1,083215;fast;58;11,95;-0,5;-0,5;-0,5;2;0,477121255;3;0;3;0,602059991;4;56;13;18;9;1,755874856;0,861;0,49;0,0076
VS93;0,0083781;fast;46;-0,05;-0,5;-0,5;-0,5;2;0,477121255;2;2;4;0,698970004;5;32;5;5;9;1,51851394;0,677;0,419;0,0442
VS94;-0,149912;fast;44;-2,05;-0,5;0,5;-0,5;55;1,748188027;8;7;15;1,204119983;4;61;20;19;6;1,792391689;0,945;0,497;0,0012
VS96;0,96663831;fast;19;-27,05;0,5;0,5;0,5;36;1,568201724;7;2;9;1;0;67;22;19;14;1,832508913;0,7184;1,095;0,0331
VS97;1,2700102;fast;23;-23,05;0,5;-0,5;-0,5;43;1,643452676;9;3;12;1,113943352;8;65;14;20;5;1,819543936;0,822;0,415;0,0126
VS98;-0,4049981;fast;19;-27,05;0,5;-0,5;-0,5;23;1,380211242;4;1;5;0,77815125;10;47;8;13;8;1,681241237;0,5876;0,2617;0,0754
VS99;0,13300555;fast;21;-25,05;0,5;-0,5;0,5;70;1,851258349;11;4;15;1,204119983;4;70;24;22;9;1,851258349;0,9413;1,109;0,0013
VS100;0,100201;fast;20;-26,05;0,5;0,5;-0,5;22;1,361727836;12;3;15;1,204119983;4;56;17;16;6;1,755874856;0,941;0,233;0,0013
VS101;1,5833882;fast;19;-27,05;0,5;-0,5;-0,5;143;2,158362492;10;2;12;1,113943352;6;40;9;12;4;1,612783857;0,7568;0,809;0,0081
VS102;0,2917462;fast;19;-27,05;-0,5;-0,5;-0,5;36;1,568201724;12;9;21;1,342422681;14;47;10;15;4;1,681241237;0,9595;0,9972;0,0006
VS103;1,187116;fast;22;-24,05;0,5;-0,5;-0,5;31;1,505149978;13;8;21;1,342422681;4;68;23;20;5;1,838849091;0,5826;0,7974;0,0166
VS104;-0,00854;fast;23;-23,05;0,5;-0,5;-0,5;18;1,278753601;6;2;8;0,954242509;3;68;21;24;5;1,838849091;0,742;1,08;0,0276
VS105;0,50825;fast;19;-27,05;-0,5;-0,5;0,5;84;1,929418926;12;7;19;1,301029996;6;40;18;8;4;1,612783857;0,9851;0,9932;0,0001
VS106;2,0440913;fast;22;-24,05;-0,5;-0,5;0,5;71;1,857332496;7;5;12;1,113943352;7;54;20;16;8;1,740362689;0,6677;1,051;0,0471
VS107;0,5999279;fast;27;-19,05;0,5;-0,5;0,5;72;1,86332286;6;12;18;1,278753601;1;48;10;12;5;1,69019608;0,9318;0,4946;0,0018
VS108;0,74166;fast;23;-23,05;0,5;-0,5;-0,5;24;1,397940009;7;4;11;1,079181246;6;52;11;18;5;1,72427587;0,617;0,169;0,064
VS109;0,09996805;fast;19;-27,05;0,5;-0,5;-0,5;25;1,414973348;8;3;11;1,079181246;7;65;21;22;8;1,819543936;0,9744;0,4271;0,0002
VS110;0,4249147;fast;25;-21,05;-0,5;-0,5;0,5;13;1,146128036;5;2;7;0,903089987;16;44;10;8;7;1,653212514;0,8895;0,5306;0,0048
